city,area_name,place_id,name,lat,lng,rating,popularity,price_level,types_csv,address,price_label,rev_count,rev_avg_rating,rev_avg_len
台北市,大安區,ChIJU0w5SdGrQjQRYugzBai1GgU,台北福華大飯店,25.0374653,121.5429725,4.4,13198.0,,"lodging,restaurant,point_of_interest,food,establishment",大安區仁愛路三段160號,未知,0,,
台北市,大安區,ChIJLZbPPs2rQjQRgBSz55KQhPc,Second Floor 貳樓敦南店,25.0308871,121.550009,4.3,4385.0,2.0,"restaurant,point_of_interest,food,establishment",大安區敦化南路二段63巷14號,$$,0,,
台北市,大安區,ChIJ7yfd_82rQjQRFHc6dSL-vVA,驥園川菜餐廳,25.0353196,121.5484757,4.2,5474.0,3.0,"restaurant,point_of_interest,food,establishment",大安區敦化南路1段324號B1,$$$,0,,
台北市,大安區,ChIJYbRuh9KrQjQR97QVMLEicQs,Oregano奧瑞岡義式餐廳,25.0327771,121.5479234,4.5,2698.0,2.0,"restaurant,point_of_interest,food,establishment",大安區四維路96號,$$,0,,
台北市,大安區,ChIJvU5mgSmqQjQR0WhA_Zruk5E,樂子瑞安店（寵物友善）,25.0265894,121.5396576,4.3,4095.0,2.0,"restaurant,point_of_interest,food,establishment",大安區瑞安街145號,$$,0,,
台北市,大安區,ChIJfVdoYMWrQjQRyIV6fCebFdA,涓豆腐 台北敦南店,25.0404574,121.5497779,4.1,2188.0,2.0,"restaurant,point_of_interest,food,establishment",大安區敦化南路一段233巷9號,$$,0,,
台北市,大安區,ChIJq6qqqi6qQjQRt7xWjeJaSbg,香宮 Shang Palace - 台北遠東香格里拉,25.026403,121.5494,4.4,2267.0,,"restaurant,point_of_interest,food,establishment",大安區敦化南路二段201號6樓,未知,0,,
台北市,大安區,ChIJCVUzyjGqQjQR4-f5c8-keGc,亞廬義大利窯烤,25.0221397,121.549751,4.2,3663.0,2.0,"restaurant,point_of_interest,food,establishment","2樓, No. 270號, 基隆路二段, 大安区",$$,0,,
台北市,大安區,ChIJB_Azmc-rQjQR78pSG9xD9aU,寬心園精緻蔬食料理 台北安和店,25.03907,121.5508771,4.1,1048.0,2.0,"restaurant,point_of_interest,food,establishment","建議忠孝敦化站4號出口, No. 51號, 仁爱路四段345巷4弄, 大安区",$$,0,,
台北市,大安區,ChIJWbnZUsWrQjQRFIOnJhWcJeI,京星港式飲茶,25.0412474,121.5484784,4.0,7664.0,2.0,"restaurant,point_of_interest,food,establishment",大安區敦化南路1段216號2樓,$$,0,,
台北市,大安區,ChIJ8YzB5MWrQjQR0_qQu8vD7rI,平價快炒,25.0402535,121.5536048,4.1,1775.0,1.0,"restaurant,point_of_interest,food,establishment",大安區忠孝東路四段216巷19弄10號,$,0,,
台北市,大安區,ChIJwQPcmc-rQjQRtXDQA__PPwg,solo pasta,25.0391961,121.5506541,4.5,12760.0,2.0,"store,restaurant,point_of_interest,food,establishment",大安區安和路一段29-1號,$$,0,,
台北市,大安區,ChIJI8EbctCrQjQR2v4VlrSOrSg,騷豆花敦南旗艦店,25.0405171,121.54658,4.2,2030.0,1.0,"restaurant,cafe,point_of_interest,food,establishment",大安區敦化南路一段236巷36號1,$,0,,
台北市,大安區,ChIJ7TYKDcWrQjQRVpUfEw0U_jQ,頂呱呱X美國功夫茶忠孝旗艦店,25.041718,121.5505688,3.5,1185.0,2.0,"restaurant,point_of_interest,food,establishment",大安區忠孝東路四段175-1號,$$,0,,
台北市,大安區,ChIJWYc2dtKrQjQR6IAktDRNOio,台北怡亨酒店,25.033727,121.54837,4.1,1181.0,,"lodging,restaurant,point_of_interest,food,establishment",大安區敦化南路1段370號,未知,0,,
台北市,大安區,ChIJ_z7E28urQjQRAWHwki-BPDE,太和殿鴛鴦麻辣火鍋,25.0333878,121.5558751,4.4,5194.0,3.0,"restaurant,point_of_interest,food,establishment",大安區信義路四段315號,$$$,0,,
台北市,大安區,ChIJa4KblDOqQjQRA8xdL09TJUw,湘鼎坊,25.0251913,121.5531735,4.1,2030.0,2.0,"restaurant,point_of_interest,food,establishment",大安區基隆路二段184巷1號,$$,0,,
台北市,大安區,ChIJDWs-sdqrQjQRj8HPXfwE5YI,美景紅油抄手,25.0417877,121.5478902,4.2,1357.0,1.0,"restaurant,point_of_interest,food,establishment",大安區忠孝東路四段97號B1,$,0,,
台北市,大安區,ChIJGzqUC8-rQjQR8d5fRKpaNQo,雅室牛排 仁愛圓環店,25.0386923,121.5498414,4.3,3674.0,3.0,"restaurant,point_of_interest,food,establishment",大安區仁愛路四段105巷1號,$$$,0,,
台北市,大安區,ChIJU17RsmGpQjQRcy0N9M5XixY,詹記麻辣火鍋 敦南店,25.0243099,121.5490842,4.4,6645.0,2.0,"restaurant,point_of_interest,food,establishment",大安區和平東路三段60號,$$,0,,
台北市,大安區,ChIJtWD_2sSrQjQRdq6wY49pxH4,橋頭麻辣鍋 - 台北東區 (人氣火鍋 港式鴛鴦火鍋 麻辣火鍋店 鴨血豆腐吃到飽 東區美食 家庭聚餐 宵夜外帶 麻辣鍋),25.0436496,121.5493018,4.2,1578.0,2.0,"restaurant,food,point_of_interest,establishment",大安區敦化南路1段157號2樓,$$,0,,
台北市,大安區,ChIJweovLs2rQjQRxNJvMGxKxMI,Snail 蝸牛義大利餐廳 敦南店,25.030032,121.5506455,4.6,3879.0,2.0,"store,restaurant,food,point_of_interest,establishment",大安區敦化南路二段81巷49號,$$,0,,
台北市,大安區,ChIJH2szp9qrQjQR_bjegfAK7LM,月島文字燒 台北忠孝店,25.041023,121.5474406,4.3,3145.0,2.0,"restaurant,food,point_of_interest,establishment",大安區忠孝東路四段126之13號,$$,0,,
台北市,大安區,ChIJedUqJ8WrQjQRoXIlj1cemQI,PS TAPAS 西班牙餐酒館,25.0395191,121.5512379,4.3,3806.0,2.0,"restaurant,food,point_of_interest,establishment",大安區安和路一段21巷19號,$$,0,,
台北市,大安區,ChIJRQX0JdKrQjQRthQuGMV1apw,Danny & Company（現為D&C Residence教父牛排餐飲）,25.0351331,121.5462603,4.2,826.0,4.0,"restaurant,food,point_of_interest,establishment",大安區四維路52巷33號,$$$$,0,,
台北市,大安區,ChIJC_5tr9CrQjQRpNWsy1zYXP4,阿瑪迪斯咖啡館(Kaffee Amadeus) 復興店,25.0408932,121.5432417,4.4,989.0,,"bakery,cafe,store,restaurant,food,point_of_interest,establishment",大安區忠孝東路三段300號10樓,未知,0,,
台北市,大安區,ChIJTSp8d9qrQjQRrK7CkEg2Npk,聚日式鍋物 台北SOGO忠孝店,25.0421272,121.5449393,4.7,8429.0,2.0,"restaurant,food,point_of_interest,establishment",大安區忠孝東路四段45號SOGO11F號,$$,0,,
台北市,大安區,ChIJ5TXg4tCrQjQRNDAoeL3zmoE,INDULGE Taipei Drinking & Eatery,25.0391453,121.5447982,4.5,1922.0,3.0,"bar,cafe,restaurant,food,point_of_interest,establishment",大安區復興南路一段219巷11號,$$$,0,,
台北市,大安區,ChIJDwI5a8yrQjQR76BWieGKPjY,吉品海鮮餐廳 信義店,25.0329721,121.5530035,4.2,1960.0,3.0,"restaurant,food,point_of_interest,establishment","2樓, 三商美邦宏远大楼, No. 236號, 信义路四段, 大安区",$$$,0,,
台北市,大安區,ChIJ8eWRPYKpQjQRuXQ3tGY9wKo,Focus kitchen肯恩廚房,25.0329387,121.5303821,4.2,2690.0,2.0,"store,restaurant,food,point_of_interest,establishment",大安區信義路二段198巷6號,$$,0,,
台北市,大安區,ChIJif-sI8arQjQR8xPQsGhwaqQ,豬跳舞小餐館,25.0395031,121.5557327,4.6,4515.0,2.0,"restaurant,food,point_of_interest,establishment",大安區光復南路290巷48號,$$,0,,
台北市,大安區,ChIJeW_poc-rQjQRSu4zxHAHFls,"花酒蔵 餐酒館 aplus dining sake bar -台北.東區(餐酒館首選,聚餐餐廳,清酒酒吧,餐酒館,約會餐廳,餐廳包場)",25.0386124,121.5499858,4.4,1666.0,2.0,"bar,restaurant,food,point_of_interest,establishment",大安區仁愛路四段105巷3號,$$,0,,
台北市,大安區,ChIJeUp8ZTKqQjQREjxsd92csjg,遠東CAFÉ,25.026403,121.5494,4.4,9193.0,3.0,"restaurant,food,point_of_interest,establishment",大安區敦化南路二段201號6樓,$$$,0,,
台北市,大安區,ChIJOWhYlsyrQjQRS0-iAS4qi2k,佐佧義式窯烤披薩屋,25.0305849,121.5527076,4.5,2858.0,2.0,"restaurant,food,point_of_interest,establishment",大安區安和路二段69巷3號,$$,0,,
台北市,大安區,ChIJL6cRkcWrQjQReJLN6oWkOl8,度小月擔仔麵 台北忠孝店,25.0407037,121.5521563,4.0,1437.0,2.0,"restaurant,food,point_of_interest,establishment",大安區忠孝東路四段216巷8弄12號,$$,0,,
台北市,大安區,ChIJbdBsusirQjQRyfJ68q5IH5o,CYCLO 洛城 忠孝門市,25.0422825,121.5467167,4.3,1662.0,2.0,"restaurant,food,point_of_interest,establishment",大安區大安路一段75巷9號,$$,0,,
台北市,大安區,ChIJV-_wCdCrQjQRqOP_SmDYbZs,老友記粥麵飯館,25.0407982,121.5474182,3.9,3302.0,1.0,"restaurant,food,point_of_interest,establishment","1樓, No. 16號, 敦化南路一段232巷, 大安区",$,0,,
台北市,大安區,ChIJe-Zpv36pQjQRcIveo24nBg8,Second Floor 貳樓仁愛店,25.0379173,121.5324211,4.4,8078.0,2.0,"cafe,store,restaurant,food,point_of_interest,establishment",中正區仁愛路二段108號,$$,0,,
台北市,大安區,ChIJ6XkW8cyrQjQRNENj5z9eYnw,ICHI Japanese Cuisine & Bar (ICHI居酒屋),25.0314385,121.5522808,4.3,352.0,3.0,"restaurant,food,point_of_interest,establishment",大安區安和路二段40號,$$$,0,,
台北市,大安區,ChIJk9KTC8arQjQRjnNY8f7CNhw,Macho Tacos 瑪丘墨式餅舖,25.0403438,121.5543568,4.0,1394.0,2.0,"restaurant,food,point_of_interest,establishment",大安區延吉街126巷3號,$$,0,,
台北市,信義區,ChIJ1S3Z6barQjQRUnd4BwJ6NkY,隨意鳥地方101景觀餐廳,25.0335715,121.5649428,4.1,4791.0,4.0,"restaurant,food,point_of_interest,establishment",信義區信義路五段7號85F,$$$$,0,,
台北市,信義區,ChIJewvXULqrQjQR6zpjEk5Nj0E,探索廚房,25.0379142,121.5680618,3.9,8720.0,3.0,"restaurant,food,point_of_interest,establishment",信義區松仁路38號,$$$,0,,
台北市,信義區,ChIJOQxXLcurQjQRdA2IH0xpZ60,塔吉摩洛哥料理,25.0283333,121.5563889,4.7,4155.0,2.0,"restaurant,food,point_of_interest,establishment",大安區基隆路二段144巷3號,$$,0,,
台北市,信義區,ChIJjwfWf7CrQjQR8HEILkaBigk,勞瑞斯牛肋排餐廳,25.039633,121.5678702,4.3,3370.0,4.0,"restaurant,food,point_of_interest,establishment",信義區松仁路28號6樓,$$$$,0,,
台北市,信義區,ChIJlxI4ismrQjQRnmAHnozDIug,Woolloomooloo,25.0333036,121.5581173,4.0,4583.0,2.0,"bar,cafe,store,restaurant,food,point_of_interest,establishment",信義區信義路四段379號,$$,0,,
台北市,信義區,ChIJ21GKfrOrQjQRBOFpikvZPkQ,陳根找茶,25.028434,121.56573,3.6,2423.0,2.0,"restaurant,food,point_of_interest,establishment",信義區莊敬路391巷7號,$$,0,,
台北市,信義區,ChIJT1w6Ay6qQjQRGGGPvH4mtwk,陶板屋 台北光復南店,25.0395506,121.5574401,4.4,4916.0,2.0,"restaurant,food,point_of_interest,establishment","B1, No. 286號, 光复南路, 大安区",$$,0,,
台北市,信義區,ChIJTzI5aaOrQjQRBH36kxcPJnE,彭園台北館,25.0411684,121.5734067,4.1,3606.0,3.0,"restaurant,food,point_of_interest,establishment",信義區忠孝東路五段297號5樓、6樓,$$$,0,,
台北市,信義區,ChIJTW0EhbCrQjQRbXvETrjnOJI,MO-MO-PARADISE 台北Neo19牧場,25.0355475,121.5678114,4.5,2382.0,2.0,"restaurant,food,point_of_interest,establishment",信義區松壽路22號2F,$$,0,,
台北市,信義區,ChIJjWPIjLyrQjQRYisxunkQoKU,烤師傅烤肉飯,25.0425302,121.5688021,3.9,1896.0,1.0,"restaurant,food,point_of_interest,establishment",信義區永吉路30巷151弄2-1號,$,0,,
台北市,信義區,ChIJ9cRPhLCrQjQRqMgpsbFekQE,馬辣頂級麻辣鍋 信義店,25.0355732,121.5678884,4.5,6431.0,2.0,"restaurant,food,point_of_interest,establishment",信義區松壽路22號3樓,$$,0,,
台北市,信義區,ChIJoX9YNLqrQjQR-MWv7zDgkN8,丸亀製麵 新光三越台北信義A8店 烏龍麵餐廳,25.0383589,121.5666138,4.1,1048.0,2.0,"restaurant,food,point_of_interest,establishment",信義區松高路12號B2,$$,0,,
台北市,信義區,ChIJ2Tb8kberQjQR6VzLwafa4jI,馬友友印度廚房 - 基隆路,25.0368668,121.5616201,4.3,1439.0,2.0,"restaurant,food,point_of_interest,establishment",信義區基隆路一段350-7號,$$,0,,
台北市,信義區,ChIJvctP8rerQjQRGfwXMTJiCt4,都一處(仁愛店),25.0372424,121.5610468,4.0,3136.0,3.0,"restaurant,food,point_of_interest,establishment",信義區仁愛路四段506號,$$$,0,,
台北市,信義區,ChIJUztrxbWrQjQRGsdUosiD8LQ,好丘GOOD CHO's信義店,25.0312366,121.5618391,4.0,2394.0,2.0,"restaurant,bakery,store,food,point_of_interest,establishment",信義區松勤街54號,$$,0,,
台北市,信義區,ChIJHd7EPMarQjQRNjXqec_9Cys,The Chips 信義店,25.03531,121.5660665,4.2,2300.0,2.0,"store,restaurant,food,point_of_interest,establishment",信義區松壽路12號5 樓,$$,0,,
台北市,信義區,ChIJ79bSG8erQjQRTVOs3dA6E1o,國聯大飯店,25.0422226,121.5573267,4.1,2437.0,,"lodging,restaurant,food,point_of_interest,establishment",大安區光復南路200號,未知,0,,
台北市,信義區,ChIJH3SPl7CrQjQRyTODuYSxOy0,燒丼株式会社 信義威秀店,25.0352646,121.5672596,3.6,834.0,2.0,"restaurant,food,point_of_interest,establishment",信義區松壽路20號2樓,$$,0,,
台北市,信義區,ChIJewvXULqrQjQRGoqJRNRDAP0,寒舍食譜 (台北寒舍艾美酒店),25.0382044,121.5680558,4.2,887.0,4.0,"restaurant,food,point_of_interest,establishment","2樓, No. 38號, 松仁路, 信義區",$$$$,0,,
台北市,信義區,ChIJ_7LKp7OrQjQRZksUCxcoeSM,南村小吃店,25.0284743,121.5676248,3.7,1669.0,2.0,"store,restaurant,food,point_of_interest,establishment",信義區莊敬路423巷8弄14號,$$,0,,
台北市,信義區,ChIJDY5gdMWrQjQRI8UAUhM4tkQ,潮品集‧ 潮坊 潮州餐廳,25.0396539,121.5667018,4.0,1639.0,3.0,"restaurant,food,point_of_interest,establishment","6F, No. 19號, 松高路, 信义区",$$$,0,,
台北市,信義區,ChIJrSZypLCrQjQRdNWuZqKdwqM,欣葉台菜 信義新天地A9店,25.03667059999999,121.5667018,4.1,2208.0,3.0,"restaurant,food,point_of_interest,establishment",信義區松壽路9號8樓,$$$,0,,
台北市,信義區,ChIJwd1oV7mrQjQR2ozp9uHcBGw,紫艷中餐廳,25.040598,121.565735,4.3,1673.0,4.0,"restaurant,food,point_of_interest,establishment",信義區忠孝東路五段10號31樓,$$$$,0,,
台北市,信義區,ChIJASafGMarQjQRtDMLDBSxPL4,Toast Chat,25.0394444,121.5555556,4.7,4092.0,2.0,"cafe,restaurant,food,point_of_interest,establishment",大安區光復南路290巷58號,$$,0,,
台北市,信義區,ChIJC6NEscmrQjQRQl2MnHQAtB0,富順樓 - 光復店,25.0354747,121.5580023,4.0,1153.0,2.0,"restaurant,food,point_of_interest,establishment",信義區光復南路443巷2號1樓,$$,0,,
台北市,信義區,ChIJkWE9hLyrQjQRQ97gEXyZCDo,滇味廚房,25.0413992,121.5686309,4.1,1361.0,1.0,"restaurant,food,point_of_interest,establishment",信義區永吉路30巷178弄2號1 樓,$,0,,
台北市,信義區,ChIJk-t4sLGrQjQRG0XNTYo1jgg,JOYCE EAST,25.032393,121.5692072,4.3,700.0,4.0,"restaurant,food,point_of_interest,establishment",信義區信義路五段128號1樓,$$$$,0,,
台北市,信義區,ChIJKSJypLCrQjQR4zs1EAIqa1c,兩班家韓式碳烤 新光三越A9店,25.0364054,121.566685,4.2,1101.0,3.0,"restaurant,food,point_of_interest,establishment",信義區松壽路9號6樓,$$$,0,,
台北市,信義區,ChIJLdVhiLyrQjQRZF22uh1818M,武鼎越豐,25.0418211,121.5688422,4.2,3513.0,2.0,"restaurant,food,point_of_interest,establishment",信義區永吉路30巷167弄2號,$$,0,,
台北市,信義區,ChIJpx1l7bWrQjQRPv9QM18oeFY,小凱悅南村小吃店,25.0313429,121.5605751,3.7,1848.0,2.0,"restaurant,food,point_of_interest,establishment",信義區莊敬路178巷14號,$$,0,,
台北市,信義區,ChIJw76WVbmrQjQRPc_t8gM-6x8,宋廚菜館,25.0417878,121.5654718,4.0,1658.0,2.0,"restaurant,food,point_of_interest,establishment",信義區忠孝東路五段15巷14號,$$,0,,
台北市,信義區,ChIJuQeY1LurQjQRnFqYW0PNDCM,金色三麥 酒窖店,25.0397223,121.56499,4.2,3855.0,2.0,"restaurant,bar,food,point_of_interest,establishment","B1, No. 11號, 松高路, 信義區",$$,0,,
台北市,信義區,ChIJY2-nlMarQjQRS5idGUMiMHA,潮肉壽喜燒-延吉店,25.0427031,121.55549,4.4,2372.0,2.0,"restaurant,food,point_of_interest,establishment",大安區延吉街131巷26號,$$,0,,
台北市,信義區,ChIJoeYaSrmrQjQRl7CUbo2Pluc,AWESOME BURGER,25.0420143,121.5641962,4.7,2347.0,2.0,"restaurant,food,point_of_interest,establishment",信義區基隆路一段190巷11號,$$,0,,
台北市,中山區,ChIJ_3AKcP2rQjQRG-FBsLE_NWY,上引水產,25.0667079,121.5370059,4.0,12652.0,3.0,"restaurant,food,point_of_interest,establishment",中山區民族東路410巷2弄18號,$$$,0,,
台北市,中山區,ChIJw3vPMuKrQjQRpEIcN8ZnL9U,羊肉湯鍋-車庫羊肉爐,25.0593927,121.5398035,4.4,1356.0,2.0,"restaurant,food,point_of_interest,establishment",中山區合江街93巷10號,$$,0,,
台北市,中山區,ChIJ3TumL-KrQjQROTV6STwU-T8,89海鮮,25.0593048,121.539359,4.1,2826.0,3.0,"restaurant,food,point_of_interest,establishment",中山區合江街89號,$$$,0,,
台北市,中山區,ChIJZ3oFROOrQjQRLj8dOKmNcv4,石二鍋_台北民權龍江店,25.0626,121.54158,4.2,2366.0,2.0,"restaurant,food,point_of_interest,establishment",中山區民權東路三段19號,$$,0,,
台北市,中山區,ChIJi7IphE-pQjQRh3FP9nazyQQ,海霸王 中山店 HaiPaWang Zhongshan Store,25.0685495,121.5230765,3.8,10288.0,2.0,"restaurant,food,point_of_interest,establishment",中山區中山北路三段59號,$$,0,,
台北市,中山區,ChIJO2QW8mCpQjQRyMjgSoG-j7o,富霸王豬腳,25.0533186,121.533574,4.0,6088.0,2.0,"restaurant,food,point_of_interest,establishment",中山區南京東路二段115巷20號,$$,0,,
台北市,中山區,ChIJ5VoKzVipQjQRoIA0nVqC5L0,儂來餐廳,25.0600799,121.5350657,4.1,3467.0,2.0,"restaurant,food,point_of_interest,establishment",中山區民生東路二段147巷11弄1號,$$,0,,
台北市,中山區,ChIJ5zRYGEOpQjQRVbzt4SRfUY4,人和園餐廳,25.0607259,121.5227606,4.4,2364.0,2.0,"restaurant,food,point_of_interest,establishment",中山區中山北路二段112號2樓,$$,0,,
台北市,中山區,ChIJxXKO1GmpQjQRqncF6bclXy4,摩斯漢堡 長春松江店,25.0549222,121.532466,3.9,1612.0,2.0,"restaurant,food,point_of_interest,establishment",中山區長春路149-1號,$$,0,,
台北市,中山區,ChIJW9v321qpQjQRy6jN1tM1e38,HANA錵鐵板燒餐廳,25.064798,121.526516,4.3,2233.0,3.0,"restaurant,food,point_of_interest,establishment",中山區農安街32號,$$$,0,,
台北市,中山區,ChIJrbAQt12pQjQR4qwLC-rCh_8,史記正宗牛肉麵,25.0537444,121.5311369,3.9,2039.0,2.0,"restaurant,food,point_of_interest,establishment",中山區四平街19號,$$,0,,
台北市,中山區,ChIJj2xKyWapQjQR-9tnHD0-uyA,聚日式鍋物 台北南京東店,25.0518589,121.5307203,4.7,10357.0,2.0,"restaurant,food,point_of_interest,establishment",中山區南京東路二段72號B1,$$,0,,
台北市,中山區,ChIJDV9uW2epQjQR43zG4K2WfJ4,好記擔仔麵,25.0551818,121.530249,4.3,5394.0,2.0,"restaurant,food,point_of_interest,establishment",中山區吉林路79號,$$,0,,
台北市,中山區,ChIJNYc4OeOrQjQRImZ8muVE0Yk,天辣麻辣火鍋(龍江),25.0627029,121.541011,4.3,1592.0,2.0,"restaurant,food,point_of_interest,establishment",中山區龍江路329號,$$,0,,
台北市,中山區,ChIJa0sta-SrQjQRn5c7GWpoEC8,BELLINI CAFFE 台北復興店,25.0590536,121.5438669,4.4,2431.0,3.0,"restaurant,food,point_of_interest,establishment",中山區復興北路288號,$$$,0,,
台北市,中山區,ChIJ9WrnbGapQjQRw_PkB8cfKhQ,神旺商務酒店,25.0519036,121.5271212,4.5,1272.0,,"lodging,restaurant,food,point_of_interest,establishment",中山區南京東路一段128號,未知,0,,
台北市,中山區,ChIJ4TtsHVCpQjQRPZMEBFzvSJs,地中海牛排館,25.0680922,121.5254276,4.6,2156.0,3.0,"restaurant,food,point_of_interest,establishment",中山區林森北路646號1樓,$$$,0,,
台北市,中山區,ChIJJ8lsh1upQjQR8VgYCrKZqKA,WE里手工pizza 日本料理 串燒,25.0612861,121.5288726,4.5,936.0,2.0,"restaurant,food,point_of_interest,establishment",中山區中原街114號,$$,0,,
台北市,中山區,ChIJf3pxrGmpQjQRX2eGPcFCreg,夏慕尼新香榭鐵板燒 台北中山北店,25.0552849,121.5223714,4.5,7931.0,3.0,"restaurant,food,point_of_interest,establishment",中山區中山北路二段44號,$$$,0,,
台北市,中山區,ChIJdxcg6WapQjQRJ9SX-NRK40g,出一張嘴日式燒肉(南京店),25.0522564,121.5295506,4.4,4183.0,2.0,"restaurant,food,point_of_interest,establishment",中山區南京東路二段49號2樓,$$,0,,
台北市,中山區,ChIJc8FrPOSrQjQRG2pd-XhREsw,老舅的家鄉味,25.0585846,121.5444507,4.1,1112.0,3.0,"restaurant,food,point_of_interest,establishment",松山區復興北路307號,$$$,0,,
台北市,中山區,ChIJD-6a5F-pQjQRJlbYSInTPlQ,洪師父冠軍牛肉麵-建北店,25.0549739,121.5365087,4.1,1948.0,2.0,"restaurant,food,point_of_interest,establishment",中山區建國北路二段72號,$$,0,,
台北市,中山區,ChIJt3yXuFupQjQRMMcxODuB-SI,巴賽麗廳 La Brasserie,25.0627962,121.5298826,4.5,1251.0,3.0,"restaurant,food,point_of_interest,establishment",中山區民權東路二段41號,$$$,0,,
台北市,中山區,ChIJRWFf9-KrQjQRHq3YIUk8nKA,法蘭司烘焙民權總店,25.0616805,121.5391017,4.3,381.0,2.0,"bakery,store,restaurant,food,point_of_interest,establishment",中山區建國北路二段151巷30號,$$,0,,
台北市,中山區,ChIJzzNFLVmpQjQR-vuhAtSqMkQ,唐宮蒙古烤肉酸菜白肉餐廳,25.0602073,121.533508,3.8,4845.0,2.0,"restaurant,food,point_of_interest,establishment",中山區松江路283號2樓,$$,0,,
台北市,中山區,ChIJ36LpgmCpQjQRj4z1B6U_-04,六福客棧 福園,25.0545917,121.533434,3.5,799.0,2.0,"restaurant,food,point_of_interest,establishment","2樓, No. 168號, 长春路, 中山区",$$,0,,
台北市,中山區,ChIJe77IPuSrQjQRq6RyDvRlSSM,松山燒肉/牛角日本燒肉專門店 復興店/復興北路/餐廳/吃到飽,25.0586821,121.5443849,3.3,1428.0,3.0,"restaurant,food,point_of_interest,establishment","1樓, No. 309號, 复兴北路, 松山區",$$$,0,,
台北市,中山區,ChIJPYI5xF2pQjQRhcB4TmCPMC0,金鍋盃x斌當酒場－火鍋－小火鍋－寵物友善,25.057505,121.5303383,4.4,1531.0,3.0,"restaurant,food,point_of_interest,establishment",中山區吉林路125-4號,$$$,0,,
台北市,中山區,ChIJseC2JOSrQjQRWMHZznn4g78,1010湘(復北店),25.0581844,121.5444564,4.2,1383.0,2.0,"restaurant,food,point_of_interest,establishment",松山區復興北路301號,$$,0,,
台北市,中山區,ChIJR0ltv9-rQjQRIQq1ljnXpbU,玫瑰夫人西洋茶俱樂部,25.0521886,121.5386506,4.3,532.0,3.0,"restaurant,food,point_of_interest,establishment",中山區南京東路三段77號6樓,$$$,0,,
台北市,中山區,ChIJSz8WVUOpQjQRWcBpAbqunFw,秋吉串燒,25.0619304,121.5254882,4.4,1695.0,2.0,"restaurant,food,point_of_interest,establishment",中山區林森北路502號,$$,0,,
台北市,中山區,ChIJYfIZQ1qpQjQRlYV-mAl4PQI,丸林魯肉飯,25.0682476,121.5248129,3.9,4509.0,2.0,"restaurant,food,point_of_interest,establishment",中山區民族東路32號,$$,0,,
台北市,中山區,ChIJd-eX21ipQjQRFomiitpGRwI,八腳老大養生粥火鍋（預約制）,25.060798,121.5346421,4.4,746.0,3.0,"restaurant,food,point_of_interest,establishment",中山區錦州街241巷1弄17號,$$$,0,,
台北市,中山區,ChIJO2uNUW-pQjQRVOUJTYSHDDc,麵太郎居酒屋,25.0610245,121.5300853,3.9,335.0,2.0,"restaurant,food,point_of_interest,establishment",中山區吉林路288號,$$,0,,
台北市,中山區,ChIJ1aNM91upQjQR4b2RE-l0QpM,紅翻天生猛海鮮,25.061122,121.5304404,4.1,4395.0,2.0,"restaurant,food,point_of_interest,establishment",中山區吉林路239號,$$,0,,
台北市,中山區,ChIJMUhne-arQjQRl_C4g2xaGyY,西班牙小酒館,25.0564383,121.5458347,4.4,1040.0,3.0,"bar,restaurant,food,point_of_interest,establishment",松山區民生東路三段130巷18弄4號1樓,$$$,0,,
台北市,中山區,ChIJW-a6S0WpQjQR-1hgfvsXaZo,TUTTO BELLO,25.06629269999999,121.5253518,4.3,1176.0,4.0,"restaurant,food,point_of_interest,establishment","1樓, No. 15號, 双城街25巷, 中山区",$$$$,0,,
台北市,中山區,ChIJ-4ecEFmpQjQRlD8LPuCxZ2I,松江自助石頭火鍋城,25.0620419,121.5334157,4.1,4722.0,2.0,"restaurant,food,point_of_interest,establishment","1樓, No. 315號, 松江路, 中山區",$$,0,,
台北市,中山區,ChIJy0NrQeSrQjQRVlv2fBcHVEA,LA VERY THAI,25.0591667,121.5444444,4.3,1739.0,2.0,"restaurant,food,point_of_interest,establishment",松山區復興北路319號,$$,0,,
台北市,中山區,ChIJodQfs0SpQjQREqX7pZm3jiw,天外天精緻火鍋無煙燒肉,25.06290899999999,121.525477,4.5,8447.0,2.0,"restaurant,food,point_of_interest,establishment",中山區民權東路一段67號,$$,0,,
新北市,板橋區,ChIJNZKIdx6oQjQRdPECsfSu_Rs,六必居潮州一品沙鍋粥 (民權店)/板橋美食,25.0099118,121.4629108,4.3,5534.0,2.0,"restaurant,food,point_of_interest,establishment",板橋區民權路3號,$$,0,,
新北市,板橋區,ChIJUWXuQBmoQjQRlhO1K21XQmU,乾杯列車 板橋站,25.0143335,121.4634583,3.9,1635.0,3.0,"restaurant,food,point_of_interest,establishment","2樓, No. 7號, 县民大道二段, 板桥区",$$$,0,,
新北市,板橋區,ChIJ6aH_HqgCaDQRc14ger4HR24,志順麵線,25.0092441,121.4558251,4.3,14.0,,"restaurant,food,point_of_interest,establishment",板橋區福德街2巷12號,未知,0,,
新北市,板橋區,ChIJ2Qlwhx2oQjQRJ5_cYW7kQ5k,特香齋西餐廳,25.0084689,121.4605001,4.2,2937.0,3.0,"restaurant,food,point_of_interest,establishment",板橋區中山路一段26號2樓,$$$,0,,
新北市,板橋區,ChIJKVRZt58CaDQRFlKn4afuxIM,石二鍋_中和德光店,25.0043395,121.4706551,4.3,2687.0,2.0,"restaurant,food,point_of_interest,establishment","4樓, No. 32號, 德光路, 中和區",$$,0,,
新北市,板橋區,ChIJR2K9LRaoQjQRing-3FpXLaA,千壽司板橋店,25.02008189999999,121.467846,4.2,1872.0,2.0,"restaurant,food,point_of_interest,establishment",板橋區介壽街26號,$$,0,,
新北市,板橋區,ChIJ8XOnRRaoQjQRXXnhj_HBWQI,霸子牛排西餐廳,25.0209431,121.4665152,4.0,1161.0,2.0,"restaurant,food,point_of_interest,establishment",板橋區文化路一段345號,$$,0,,
新北市,板橋區,ChIJCcoKHRaoQjQR75oIsb2dFpk,夏慕尼新香榭鐵板燒 板橋民生店,25.02149069999999,121.4684811,4.4,5262.0,3.0,"restaurant,food,point_of_interest,establishment",板橋區民生路二段231號,$$$,0,,
新北市,板橋區,ChIJPwFtMx-oQjQRyDjE21ZvByc,六必居潮州一品沙鍋粥(中山總店)板橋美食,25.0118114,121.4659943,4.2,6606.0,2.0,"restaurant,food,point_of_interest,establishment",板橋區中山路一段158號,$$,0,,
新北市,板橋區,ChIJf9ZaYqcCaDQRZpoTZhc9Y_U,板橋壽司(關東煮）,25.0080412,121.46096,2.7,1933.0,1.0,"restaurant,food,point_of_interest,establishment",板橋區重慶路17號,$,0,,
新北市,板橋區,ChIJGc1R4RioQjQRU9Jqf0ATyic,藍屋日本料理,25.0139205,121.4670995,3.8,2168.0,2.0,"restaurant,food,point_of_interest,establishment",板橋區新站路28號9F,$$,0,,
新北市,板橋區,ChIJIY2TAhmoQjQR1cdHHVNgIQA,非常泰(板橋大遠百店),25.0136294,121.4668636,4.4,2562.0,2.0,"restaurant,food,point_of_interest,establishment",板橋區新站路28號9樓,$$,0,,
新北市,板橋區,ChIJ_UnbcCKoQjQRet85mLQFoRY,吳記鴨莊,25.0135713,121.4688813,4.0,289.0,2.0,"restaurant,food,point_of_interest,establishment",板橋區中山路一段267之5號,$$,0,,
新北市,板橋區,ChIJscvVUxaoQjQRH2SmqPCQKYA,is pasta 義大利麵,25.020592,121.466132,4.3,814.0,1.0,"store,restaurant,food,point_of_interest,establishment",板橋區文化路一段321號號 2 樓,$,0,,
新北市,板橋區,ChIJY_nfdR2oQjQRVqI9PE-dSHw,博多拉麵,25.0094599,121.4597856,3.6,3886.0,2.0,"restaurant,food,point_of_interest,establishment",板橋區府中路11號,$$,0,,
新北市,板橋區,ChIJq5LWd6cCaDQRraYMWfwMlNc,西堤牛排 板橋中山店,25.0077119,121.4599018,4.8,15716.0,2.0,"restaurant,food,point_of_interest,establishment",中山路一段6號2 樓,$$,0,,
新北市,板橋區,ChIJ4VkcpQKoQjQRfBNJ9d427BA,懷念泡菜臭豆腐,25.0099098,121.4560234,3.8,1613.0,1.0,"store,restaurant,food,point_of_interest,establishment",板橋區文昌街1號,$,0,,
新北市,板橋區,ChIJS-FLMhyoQjQRbsJUs54BJ0E,齊味麻辣鴛鴦鍋,25.01095919999999,121.4619384,4.1,2467.0,2.0,"restaurant,food,point_of_interest,establishment",板橋區民權路41號,$$,0,,
新北市,板橋區,ChIJe5HWCqcCaDQRmwhB4c8CaSM,檸檬草鍋物料理,25.0071029,121.4604831,4.6,2325.0,2.0,"restaurant,food,point_of_interest,establishment",板橋區館前東路26號,$$,0,,
新北市,板橋區,ChIJd_4bjBuoQjQRO0SSrB5YmJE,王品牛排板橋縣民大道店,25.0075409,121.4581813,4.8,10987.0,3.0,"restaurant,food,point_of_interest,establishment",板橋區縣民大道一段189號2F,$$$,0,,
新北市,板橋區,ChIJsWVdWhmoQjQRXSR6C4dqpIU,樂麵屋 Globalmall板橋車站,25.0146099,121.4642406,4.0,2840.0,2.0,"restaurant,food,point_of_interest,establishment",板橋區縣民大道二段7號號B1,$$,0,,
新北市,板橋區,ChIJWxYAeacCaDQR-ypoM6uLj10,Mister Donut 板站門市,25.0142984,121.4640968,3.4,81.0,1.0,"bakery,store,restaurant,food,point_of_interest,establishment","B1東側, No. 7號, 县民大道二段, 板桥区",$,0,,
新北市,板橋區,ChIJdQwoxqcCaDQRiBrvY6bezBA,檸檬草美食茶房 板橋店,25.0068674,121.4590616,4.1,2529.0,2.0,"restaurant,food,point_of_interest,establishment",板橋區館前西路7號,$$,0,,
新北市,板橋區,ChIJUWXuQBmoQjQREB1H5QfTvr0,布娜飛比利時餐酒館板橋新埔店Bravo Beer,25.0175921,121.4692916,4.2,2620.0,2.0,"bar,restaurant,food,point_of_interest,establishment",板橋區縣民大道二段273號,$$,0,,
新北市,板橋區,ChIJ01yafqcCaDQRHpasfxTd2XU,品鼎殿日式壽喜燒,25.0082025,121.4603411,4.5,6998.0,2.0,"restaurant,food,point_of_interest,establishment",板橋區中山路一段24號,$$,0,,
新北市,板橋區,ChIJIR6IFRaoQjQRjkwdWe5_QSg,吉立餐廳/板橋美食/板橋餐廳,25.02131799999999,121.4672893,4.1,2091.0,2.0,"restaurant,food,point_of_interest,establishment",板橋區文化路一段280號3樓,$$,0,,
新北市,板橋區,ChIJreUzywKoQjQRvlSLUD_fVpE,老曹餛飩,25.01068739999999,121.4567947,3.9,3899.0,1.0,"restaurant,food,point_of_interest,establishment",板橋區茶館街11號,$,0,,
新北市,板橋區,ChIJgX3Wd6cCaDQRnljqZJjlE-I,文岩文 岩燒蜀辣鴛鴦鍋,25.008782,121.461152,4.6,5595.0,2.0,"restaurant,food,point_of_interest,establishment",板橋區中山路一段50巷6號2樓,$$,0,,
新北市,板橋區,ChIJ48MJKBGoQjQRM1MLtb2gXdM,安格士牛排館板橋店,25.0220417,121.4615213,3.8,4375.0,2.0,"restaurant,food,point_of_interest,establishment",板橋區新海路95號,$$,0,,
新北市,板橋區,ChIJV-ph6x2oQjQR4XGB0DMjgeo,小屁拉麵,25.0090299,121.461561,3.7,1430.0,1.0,"restaurant,food,point_of_interest,establishment",板橋區中山路一段50巷15號,$,0,,
新北市,板橋區,ChIJW4KBqaACaDQR2ghoyhgX86Q,板橋遠百/牛角日本燒肉專門店-板橋店/板橋車站/餐廳/燒肉/吃到飽,25.0111111,121.4644444,3.6,2240.0,3.0,"restaurant,food,point_of_interest,establishment",板橋區中山路一段152號遠東百貨13樓,$$$,0,,
新北市,板橋區,ChIJs-JtzyGoQjQRfd9voCT-IBU,洪瑞珍三明治-板橋海山店,25.0094369,121.469442,4.1,411.0,1.0,"bakery,store,restaurant,food,point_of_interest,establishment",板橋區海山路3號,$,0,,
新北市,板橋區,ChIJ108UywKoQjQRnWs6rKFWWTU,板橋高記生炒魷魚,25.0103405,121.4574039,4.2,5709.0,1.0,"meal_takeaway,restaurant,food,point_of_interest,establishment",板橋區宮口街28號,$,0,,
新北市,板橋區,ChIJtWpjNx2oQjQRYvoxu-unFuA,北門田不辣,25.0105793,121.457815,4.2,648.0,1.0,"store,restaurant,food,point_of_interest,establishment",板橋區北門街8號1樓,$,0,,
新北市,板橋區,ChIJhTXJjh6oQjQRSKCh4Nlo93o,Merci Cafe(營業時間詳見IG),25.010337,121.4634209,4.2,2207.0,2.0,"cafe,store,restaurant,food,point_of_interest,establishment",板橋區新民街7巷17號,$$,0,,
新北市,板橋區,ChIJxRJqSBmoQjQR3gtSHvJgkZk,鼎泰豐 板橋店,25.0135467,121.4667508,4.5,7010.0,2.0,"restaurant,food,point_of_interest,establishment","b1, No. 28號, 新站路, 板橋區",$$,0,,
新北市,板橋區,ChIJ2QSKwReoQjQRYB8mOlHmHvU,梁季港式小火鍋,25.0194631,121.4661396,4.4,2020.0,1.0,"restaurant,food,point_of_interest,establishment",板橋區文化路一段188巷20號,$,0,,
新北市,板橋區,ChIJAVh27B6oQjQRXlU0Fp7qQKY,饗食天堂 新北板橋店,25.0109601,121.4644536,4.1,6713.0,3.0,"restaurant,food,point_of_interest,establishment","12樓, FE21遠東百貨, No. 152號, 中山路一段, 板橋區",$$$,0,,
新北市,板橋區,ChIJexbt8Z4CaDQR9jjSXVDivsU,阿舜牛排-中和莒光店,25.0023653,121.4722451,3.7,1058.0,1.0,"restaurant,food,point_of_interest,establishment",中和區莒光路100號1樓,$,0,,
新北市,板橋區,ChIJOW18SSeoQjQRyaMsqwo1bs0,MO-MO-PARADISE中和環球牧場,25.0069668,121.4749549,4.8,2457.0,2.0,"restaurant,food,point_of_interest,establishment",中和區中山路三段122號4樓,$$,0,,
桃園市,中壢區,ChIJgfVnrzUiaDQReWqdihQFK6I,廣德海鮮餐廳（中壢中美店）,24.9602278,121.2203111,4.0,1491.0,2.0,"restaurant,food,point_of_interest,establishment",中壢區中美路二段158號,$$,0,,
桃園市,中壢區,ChIJLXSLGDciaDQRTGz66CqkGi4,湄南小鎮泰國菜,24.9608239,121.2259144,4.5,2548.0,2.0,"restaurant,food,point_of_interest,establishment",中壢區延平路306號,$$,0,,
桃園市,中壢區,ChIJIWfp00oiaDQRJ7NMKwptVmU,新明老牌牛肉麵,24.95653399999999,121.217139,3.8,3984.0,1.0,"restaurant,food,point_of_interest,establishment",中壢區民權路65號,$,0,,
桃園市,中壢區,ChIJw1cnBzYiaDQR80VqRe31xtA,拉麵吧,24.957884,121.22275,4.2,2927.0,2.0,"restaurant,food,point_of_interest,establishment",中壢區大同路84號,$$,0,,
桃園市,中壢區,ChIJsRbAczYiaDQRugXJE0h1e0o,中華拉麵王,24.9590061,121.2230283,4.1,405.0,1.0,"restaurant,food,point_of_interest,establishment","2樓, 新生路82號, 中壢區",$,0,,
桃園市,中壢區,ChIJ-YByR0giaDQRWtgaq9SoGD4,錦家御宴,24.9554286,121.2264626,4.2,1171.0,2.0,"restaurant,food,point_of_interest,establishment",中壢區中山路88號B1F,$$,0,,
桃園市,中壢區,ChIJAfiB_TMiaDQRXCsOKRDcxvA,梁記麻辣火鍋專賣店,24.96324509999999,121.2229831,4.4,1525.0,2.0,"restaurant,food,point_of_interest,establishment",中壢區新生路259號,$$,0,,
桃園市,中壢區,ChIJoeupBUsiaDQRqNJ0pxx7UAg,劉媽媽菜包店,24.9551253,121.2191033,3.8,3710.0,1.0,"bakery,store,restaurant,food,point_of_interest,establishment",中壢區中正路268號,$,0,,
桃園市,中壢區,ChIJRVwU1EoiaDQREkmWRrfFzcw,永川牛肉麵,24.956467,121.217129,3.9,10958.0,1.0,"restaurant,food,point_of_interest,establishment",中壢區民權路61-1號,$,0,,
桃園市,中壢區,ChIJvzHLaT8iaDQRqOtCdqvwfJg,東東麵館,24.9554081,121.2354965,3.9,1413.0,1.0,"restaurant,food,point_of_interest,establishment",中壢區中山東路一段302號,$,0,,
桃園市,中壢區,ChIJF8aHcT8iaDQRul-dRuqSXYQ,韓一館,24.955293,121.2360623,4.3,814.0,2.0,"restaurant,food,point_of_interest,establishment",中壢區中山東路一段321號,$$,0,,
桃園市,中壢區,ChIJlYBtWkgiaDQRspbQAMjFO1U,大象泰式美食館ช้างไทย | 碳烤吃到飽หมูกระทะ | 泰式流水蝦กุ้งเผา | 熱炒單點อาหารผัด,24.954603,121.226157,4.4,5521.0,2.0,"bar,store,restaurant,food,point_of_interest,establishment",中壢區元化路2-27號,$$,0,,
桃園市,中壢區,ChIJYwoRBUsiaDQRmaW_78LntJ4,三角店客家菜包,24.9551831,121.2190318,3.8,1144.0,1.0,"restaurant,food,point_of_interest,establishment",中壢區中正路272號,$,0,,
桃園市,中壢區,ChIJ97M_tzUiaDQRjm-f1ftJ_6s,田季發爺燒肉 中壢店,24.9601366,121.2208724,4.4,8585.0,2.0,"bar,store,restaurant,food,point_of_interest,establishment",中壢區中美路二段136號,$$,0,,
桃園市,中壢區,ChIJHZvPSkgiaDQRv2ZcntjFb4M,陶板屋 中壢中山店,24.9553735,121.2255852,4.6,7356.0,2.0,"restaurant,food,point_of_interest,establishment",中壢區中山路111號2 樓,$$,0,,
桃園市,中壢區,ChIJs-miTDEiaDQRBKOXXQaIwLg,三合院 中壢店,24.9626746,121.2238649,4.0,1521.0,2.0,"restaurant,food,point_of_interest,establishment",中壢區元化路357號8F,$$,0,,
桃園市,中壢區,ChIJ_____zQiaDQRvoIPvwY6VFQ,一番地壽喜燒 中壢店,24.9601018,121.2209525,4.2,2383.0,2.0,"restaurant,food,point_of_interest,establishment",中壢區中美路二段130號,$$,0,,
桃園市,中壢區,ChIJ57SfszYiaDQREHPLQWiesI8,瓦城泰國料理 遠東SOGO中壢店,24.9627778,121.2236111,4.1,1751.0,2.0,"restaurant,food,point_of_interest,establishment",中壢區元化路357號8樓,$$,0,,
桃園市,中壢區,ChIJv2YY8jYiaDQRzoqAcP6Sdgg,曉春樓,24.9603345,121.2243299,,,,"restaurant,food,point_of_interest,establishment",中壢區恩德街28號,未知,0,,
桃園市,中壢區,ChIJiZNPC0kiaDQR1jDb4anPYYw,福勝亭 中壢店,24.955788,121.2251838,3.3,951.0,2.0,"restaurant,food,point_of_interest,establishment",中壢區中山路130號,$$,0,,
桃園市,中壢區,ChIJ6yixljYiaDQR7OZ5jrmmnjI,有鬆精釀啤酒餐廳,24.9557567,121.2202846,4.5,556.0,,"liquor_store,store,restaurant,food,point_of_interest,establishment",中壢區中正路210號1樓,未知,0,,
桃園市,中壢區,ChIJD0G_xj8iaDQRHXjRjN9f7og,朝天椒麻辣鴛鴦火鍋店,24.9555331,121.2385365,4.2,1782.0,2.0,"restaurant,food,point_of_interest,establishment",中壢區力行北街93號,$$,0,,
桃園市,中壢區,ChIJw4dZfjsiaDQRPtC2gLR01lQ,品田牧場 中壢中原家樂福店,24.9624549,121.2322687,4.7,5358.0,2.0,"restaurant,food,point_of_interest,establishment","2F, No. 501號, 中华路二段, 中坜市",$$,0,,
桃園市,中壢區,ChIJ96Hq2zciaDQRRcox13hB-tI,哈哇伊蛋糕花園,24.9570568,121.2263779,4.0,311.0,2.0,"bakery,store,restaurant,food,point_of_interest,establishment",中壢區中光路33號,$$,0,,
桃園市,中壢區,ChIJYziyTTMiaDQRHtIFVMHBe2o,明皇樓中餐廳 Tang's Chinese Restaurant,24.9650199,121.2173386,4.1,1061.0,2.0,"restaurant,food,point_of_interest,establishment",中壢區民權路398號,$$,0,,
桃園市,中壢區,ChIJ42z4brIjaDQR4iMJLSet8fI,鎮記麻辣火鍋(延平店),24.9499947,121.2130107,4.4,1213.0,2.0,"restaurant,food,point_of_interest,establishment",平鎮區延平路二段51號,$$,0,,
桃園市,中壢區,ChIJPYoYUTEiaDQRWWStIjn1LwI,喜樂屋（日式家庭料理）,24.9633752,121.2229577,4.3,274.0,2.0,"restaurant,food,point_of_interest,establishment",中壢區新生路263號,$$,0,,
桃園市,中壢區,ChIJ39l0tEYiaDQRwVos2wPHYi8,突奌咖啡喵｜店休日以Google為準｜,24.9536215,121.2321175,4.5,1290.0,2.0,"cafe,restaurant,food,point_of_interest,establishment","No. 20號, 福州路, 中壢區",$$,0,,
桃園市,中壢區,ChIJy2EuesojaDQRxDAU98yoN0g,193 kitchen（193廚房）,24.960308,121.2135592,4.5,1483.0,2.0,"restaurant,food,point_of_interest,establishment",中壢區中央西路二段193號,$$,0,,
桃園市,中壢區,ChIJBUjEIj4iaDQRTQCrZbfceEU,變色龍韓式料理,24.957305,121.2384815,4.0,916.0,1.0,"restaurant,food,point_of_interest,establishment",中壢區實踐路225之18號,$,0,,
桃園市,中壢區,ChIJ3w6fB0kiaDQRsXRT4Pi4FhY,吉野家 中壢中正店,24.9542024,121.2248404,3.7,800.0,2.0,"restaurant,food,point_of_interest,establishment",中壢區中正路22號,$$,0,,
桃園市,中壢區,ChIJoeT5vjUiaDQRVR5aMMmIHZU,豚勝鴨川,24.9594253,121.2209054,4.3,1288.0,2.0,"restaurant,food,point_of_interest,establishment",中壢區興國路58號,$$,0,,
桃園市,中壢區,ChIJjQ0EDTYiaDQRQSn6Q_tiPu0,禪園人文花園餐廳,24.9584619,121.2229989,4.1,1321.0,2.0,"restaurant,food,point_of_interest,establishment",中壢區廣安街32號,$$,0,,
桃園市,中壢區,ChIJTVRKncojaDQRkpVEpbrGJ80,石頭燒餅in中壢夜市（公休時間以臉書粉專為主）,24.9612948,121.2155673,4.2,237.0,1.0,"restaurant,food,point_of_interest,establishment",中壢區新明路159號 對面,$,0,,
桃園市,中壢區,ChIJBXC9BjQiaDQRnRT63nEDT5U,名賀日式料理,24.9625703,121.222146,4.2,1046.0,2.0,"restaurant,food,point_of_interest,establishment",中壢區元化路二段26號,$$,0,,
桃園市,中壢區,ChIJpQJnn0oiaDQRm4dQVebCVjM,跑平牌陳飛豬腳,24.9527389,121.2153167,4.2,707.0,1.0,"meal_takeaway,restaurant,food,point_of_interest,establishment",中壢區義民路151號,$,0,,
桃園市,中壢區,ChIJVaGmJEsiaDQRt9ky68wmZe8,大公雞烤雞燉雞,24.9553938,121.2179101,4.0,200.0,2.0,"restaurant,food,point_of_interest,establishment",中壢區中正路308號,$$,0,,
桃園市,中壢區,ChIJTcqsHjEiaDQR_3bQHie-MvU,哈瓦那咖啡悅讀館,24.964726,121.225065,4.3,483.0,,"cafe,store,restaurant,food,point_of_interest,establishment",中壢區慈惠三街157巷6號,未知,0,,
桃園市,中壢區,ChIJV5SmwsojaDQRIHA9fzFHimc,簡師傅麻辣臭豆腐,24.9598911,121.2150985,3.8,1855.0,1.0,"restaurant,food,point_of_interest,establishment",中壢區新明路101號,$,0,,
桃園市,中壢區,ChIJ3ftHhzYiaDQRKq3Eh6nCw0Y,泰美味,24.9595599,121.2228675,3.9,1002.0,1.0,"restaurant,food,point_of_interest,establishment",中壢區新生路110號,$,0,,
台中市,西屯區,ChIJJXgObyEWaTQRod-VjGejpJk,小西藏館-台中美食-餐廳-小吃-私房菜-Restaurants,24.175309,120.64681,4.4,1931.0,2.0,"restaurant,point_of_interest,food,establishment",西屯區慶和街2號,$$,0,,
台中市,西屯區,ChIJzWPRyiIWaTQRW71Y2uHVYeA,逢甲養機場（無訂位服務）,24.181797,120.644607,4.1,2019.0,2.0,"restaurant,point_of_interest,food,establishment",西屯區西安街167號,$$,0,,
台中市,西屯區,ChIJV_KoLiIWaTQREpgzStF7vPo,Cafe Buddha 佈達咖啡,24.1767077,120.645479,4.2,421.0,2.0,"cafe,meal_takeaway,bar,store,restaurant,point_of_interest,food,establishment",西屯區文華路永新巷7號,$$,0,,
台中市,西屯區,ChIJXwQ5SCIWaTQR3tIg68emIqU,一心素食臭豆腐,24.1778293,120.64528,3.8,2760.0,1.0,"store,restaurant,point_of_interest,food,establishment","461巷, No. 2號, 福星路, 西屯區",$,0,,
台中市,西屯區,ChIJswvWAyIWaTQRDKTlw7VyLjE,Mr.38 咖哩美食餐廳（逢甲店）,24.1770753,120.6433604,4.6,6301.0,2.0,"restaurant,point_of_interest,food,establishment",西屯區至善路212號,$$,0,,
台中市,西屯區,ChIJLdwBtyMWaTQRCZta2gNZI6s,小鬍子懶人蝦,24.1770908,120.6464841,4.1,185.0,,"restaurant,point_of_interest,food,establishment",西屯區文華路39號,未知,0,,
台中市,西屯區,ChIJu8f7zyMWaTQRYlBpRJIM1Zg,阿華黑輪店（創始店 路邊攤）,24.1768148,120.6466694,3.5,933.0,,"restaurant,point_of_interest,food,establishment",西屯區文華路29號,未知,0,,
台中市,西屯區,ChIJuS_DBCAWaTQRC-Je38iIpGo,樂樂和風食堂-台中青海店,24.172093,120.6434092,4.0,490.0,2.0,"restaurant,point_of_interest,food,establishment",西屯區青海路二段246-13號號,$$,0,,
台中市,西屯區,ChIJMTCfOz0WaTQRMHxo-K-IUJI,台中逢甲星享道酒店,24.182928,120.6451746,4.1,6063.0,,"bakery,lodging,meal_delivery,store,restaurant,point_of_interest,food,establishment",西屯區福星北路18號,未知,0,,
台中市,西屯區,ChIJ3wVs4CIWaTQRyPgl6IUYqyU,梅香小吃,24.18026429999999,120.6458159,3.7,1004.0,1.0,"restaurant,point_of_interest,food,establishment",西屯區逢甲路20巷42號,$,0,,
台中市,西屯區,ChIJn_AfWYwyDxQR9d3uzWwLj_k,联亭泡菜鍋-逢甲店,24.1827307,120.6447184,4.1,2813.0,2.0,"restaurant,point_of_interest,food,establishment",西屯區福星北路7號,$$,0,,
台中市,西屯區,ChIJ2-4VkRsWaTQRIdPI1FxgSHs,星時代婚宴會館-台中 人氣婚宴-喜宴-文定-謝師宴-生日壽宴-尾牙-春酒-除夕圍爐-年菜外帶-星巴巴港式飲茶-台中吃到飽 首選推薦,24.1794999,120.6355064,4.1,1903.0,2.0,"restaurant,point_of_interest,food,establishment",西屯區福科路88號,$$,0,,
台中市,西屯區,ChIJhYGC5TwWaTQRtFw0QBzL44s,激旨燒き鳥Gekiuma Yakitori 台灣總店,24.1831207,120.6463631,4.2,3296.0,2.0,"liquor_store,store,restaurant,point_of_interest,food,establishment","18號 No. 150巷, 文華路, 西屯區",$$,0,,
台中市,西屯區,ChIJV8-JhyAWaTQR4TQavRnKy5k,長谷川壽司專賣店,24.1717636,120.645899,4.3,680.0,2.0,"restaurant,point_of_interest,food,establishment",西屯區西屯路二段253巷2號,$$,0,,
台中市,西屯區,ChIJ9azguSgWaTQRj0XfllW2k14,易鼎活蝦 (台中店),24.173197,120.6560775,4.1,4596.0,2.0,"restaurant,point_of_interest,food,establishment",西屯區甘肅路二段100號,$$,0,,
台中市,西屯區,ChIJA8b3-iIWaTQRZ3ZKwdZX9CY,龍涎居雞膳食坊 逢甲店,24.1795754,120.6452317,4.2,999.0,2.0,"restaurant,point_of_interest,food,establishment",西屯區福星路405號,$$,0,,
台中市,西屯區,ChIJm2thkCEWaTQRZAzfP_1Xyqw,台南鍋燒麵,24.1755365,120.6449622,3.5,225.0,1.0,"restaurant,point_of_interest,food,establishment",西屯區文華路7號,$,0,,
台中市,西屯區,ChIJSW4QVB8WaTQRHvUr3evkBxo,韓石館,24.1767208,120.6426583,4.0,622.0,1.0,"restaurant,point_of_interest,food,establishment",西屯區至善路153巷1號,$,0,,
台中市,西屯區,ChIJl8lHEyEWaTQRBbjDeXYm3DI,月島文字燒一台中逢甲店,24.174742,120.6468268,4.2,682.0,2.0,"restaurant,point_of_interest,food,establishment",西屯區福星路598號,$$,0,,
台中市,西屯區,ChIJB55rSSIWaTQRsoxtMvwPzWE,大甲芋頭城逢甲店,24.1778217,120.645335,4.0,1306.0,1.0,"store,restaurant,point_of_interest,food,establishment",西屯區福星路461巷2號,$,0,,
台中市,西屯區,ChIJJ-cSehcWaTQRjlGkS3hibI4,火聚串燒 燒烤居酒屋,24.1837539,120.6397387,4.2,2709.0,2.0,"bar,restaurant,food,point_of_interest,establishment",西屯區黎明路三段388-2號,$$,0,,
台中市,西屯區,ChIJ7Up-LT0WaTQRQCTB5nu0nsE,向上水餃專賣店 逢甲店,24.1819514,120.6450804,3.9,879.0,1.0,"restaurant,food,point_of_interest,establishment",西屯區福星路295號,$,0,,
台中市,西屯區,ChIJkYgs5vQ9aTQRe5mu9Ci_KZw,禾河田素齋,24.1773291,120.6399182,4.5,240.0,1.0,"restaurant,food,point_of_interest,establishment",西屯區西屯路二段297-8巷68號,$,0,,
台中市,西屯區,ChIJFapBiCEWaTQRj5i2akBld3U,98義大利PASTA（供餐時間至20：00止）,24.1763756,120.6450908,4.5,447.0,1.0,"restaurant,food,point_of_interest,establishment",西屯區文華路永新巷南二弄16號,$,0,,
台中市,西屯區,ChIJ3QZjTT0WaTQRPZiCJQmjOAI,清一色牛肉麵 逢甲店,24.1821931,120.6437762,4.0,1234.0,1.0,"restaurant,food,point_of_interest,establishment",西屯區福星路204號,$,0,,
台中市,西屯區,ChIJTXGKSxwWaTQRBAAONTezsBM,台中城市部落原住民風味餐廳,24.1763163,120.6356427,4.2,1484.0,2.0,"restaurant,food,point_of_interest,establishment",西屯區青海路二段568號,$$,0,,
台中市,西屯區,ChIJB69IyCMWaTQR4Fw1-i1z2Zg,金牌巨無霸香酥臭豆腐,24.1773938,120.6466228,4.0,297.0,1.0,"restaurant,food,point_of_interest,establishment",西屯區文華路53號對面號,$,0,,
台中市,西屯區,ChIJZT93Aoo9aTQRn_S-YtUi9Ow,財神爺魯肉飯,24.1696822,120.6484311,3.8,3188.0,1.0,"restaurant,food,point_of_interest,establishment",西屯區惠來路三段176號,$,0,,
台中市,西屯區,ChIJ-araX4o9aTQRoQzZ_6MLGWA,大喜鍋 青海店鴛鴦火鍋,24.1704558,120.6448136,4.3,3611.0,1.0,"restaurant,food,point_of_interest,establishment","號B1, No. 207-18號號, 青海路二段, 西屯区",$,0,,
台中市,西屯區,ChIJX9MNiCEWaTQRWzlUglEvbv8,阿財烤肉,24.17738,120.6449403,2.9,191.0,,"restaurant,food,point_of_interest,establishment",西屯區福星路476號,未知,0,,
台中市,西屯區,ChIJTSLi4yIWaTQRhhtA7W3i3JU,逢甲GiGi電競館 x 樓下 LouXia｜宵夜｜韓食｜烏龍麵｜無包廂,24.180025,120.645581,4.2,846.0,,"restaurant,food,point_of_interest,establishment","地下一樓, No. 37號, 逢甲路20巷, 西屯區",未知,0,,
台中市,西屯區,ChIJc9DfrYo9aTQRAhr1qCPuLGo,麥當勞-台中河南餐廳,24.1709346,120.6435275,3.9,3043.0,1.0,"restaurant,food,point_of_interest,establishment",西屯區河南路二段466號,$,0,,
台中市,西屯區,ChIJl1POJSIWaTQRUX12GlO5tS0,那個鍋 - 逢甲総本鋪,24.1768659,120.645009,4.2,2853.0,2.0,"restaurant,food,point_of_interest,establishment",西屯區福星路522號,$$,0,,
台中市,西屯區,ChIJRw_ShSEWaTQRJOy8z1Z6woI,明倫蛋餅 逢甲福星店,24.1760043,120.6452868,3.7,3219.0,1.0,"meal_takeaway,store,restaurant,food,point_of_interest,establishment",西屯區福星路546號,$,0,,
台中市,西屯區,ChIJJUCPhCEWaTQR1gTT3yd98xc,繼光香香雞-福星店,24.175786,120.6454396,4.1,652.0,2.0,"meal_takeaway,store,restaurant,food,point_of_interest,establishment",西屯區文華路10-10號,$$,0,,
台中市,西屯區,ChIJRTGVCz0WaTQR3llTthTkwJo,麵屋虎徹（最後收客為營業時間前30分鐘）,24.1847194,120.6444799,4.0,1291.0,2.0,"restaurant,food,point_of_interest,establishment",西屯區福星北路57號,$$,0,,
台中市,西屯區,ChIJQbXSON8XaTQRkylBZSjU1H8,南洋廚坊,24.1751533,120.6455858,4.4,862.0,,"restaurant,food,point_of_interest,establishment",西屯區福上巷278號,未知,0,,
台中市,西屯區,ChIJabq5nCEWaTQRZSVQ9u5lTTY,小寶泡菜醬料雞排,24.17547219999999,120.644799,4.2,244.0,,"store,restaurant,food,point_of_interest,establishment",西屯區文華路5巷3號,未知,0,,
台中市,西屯區,ChIJ7y3hMT0WaTQR3aJPJwapXOw,吉蜂蒸餃,24.1822009,120.6451348,4.4,1299.0,1.0,"restaurant,food,point_of_interest,establishment",西屯區福星路283號,$,0,,
台中市,西屯區,ChIJpUjk9449aTQRJCH6rl3bh7w,RICH19 層峰會館－聚會餐廳｜包廂餐廳｜尾牙春酒（全預約制）,24.1706421,120.6377425,4.1,446.0,3.0,"bar,restaurant,food,point_of_interest,establishment",西屯區臺灣大道三段658號B1,$$$,0,,
台南市,中西區,ChIJZ1Zt6WR2bjQRjVZEVRzkFoU,葉家小卷米粉,22.9910754,120.1969595,4.3,5178.0,1.0,"restaurant,food,point_of_interest,establishment",中西區國華街二段142號,$,0,,
台南市,中西區,ChIJZ1Zt6WR2bjQRNzPYYyIaN5Q,邱家小卷米粉,22.9992354,120.199585,4.0,8644.0,1.0,"meal_takeaway,restaurant,food,point_of_interest,establishment",中西區國華街三段251號,$,0,,
台南市,中西區,ChIJHw5hnGN2bjQRg3J4tl0D7rk,冰鄉,22.994259,120.2002563,4.2,5567.0,2.0,"restaurant,food,point_of_interest,establishment",中西區民生路一段160號,$$,0,,
台南市,中西區,ChIJYydshWF2bjQRRXXfsH65j8s,松村煙燻滷味 赤崁店,22.9966073,120.2028387,4.2,1495.0,2.0,"store,restaurant,food,point_of_interest,establishment",中西區民族路二段319號,$$,0,,
台南市,中西區,ChIJqfAvaGJ2bjQR678EbZXaqfE,阿霞飯店 台南店,22.9940875,120.2036807,4.1,3564.0,3.0,"restaurant,food,point_of_interest,establishment",中西區忠義路二段84巷7號,$$$,0,,
台南市,中西區,ChIJb1d1DWN2bjQRmzpjYVJh5JE,橋北屋日本家庭料理-忠義店,22.997637,120.204758,4.3,1521.0,2.0,"restaurant,food,point_of_interest,establishment",中西區忠義路二段226號,$$,0,,
台南市,中西區,ChIJr7pwW2J2bjQROWhA1Lydw2A,陶板屋 台南忠義店,22.9914494,120.2028645,4.7,9021.0,2.0,"restaurant,food,point_of_interest,establishment",中西區忠義路二段26號,$$,0,,
台南市,中西區,ChIJxS-IQnp2bjQRMNnOsP0ijkg,矮仔成蝦仁飯,22.9889795,120.1952292,3.6,8198.0,1.0,"restaurant,food,point_of_interest,establishment",中西區海安路一段66號,$,0,,
台南市,中西區,ChIJc4kmmIl2bjQR1R5TeNkCi_w,邊疆燒烤,22.9977371,120.2066735,3.9,540.0,2.0,"restaurant,food,point_of_interest,establishment",中西區公園路131號,$$,0,,
台南市,中西區,ChIJa2yIQmZ2bjQR2f9r1KY-b-8,阿龍香腸熟肉,22.9902925,120.1968861,4.4,3593.0,1.0,"store,restaurant,food,point_of_interest,establishment",中西區保安路34號,$,0,,
台南市,中西區,ChIJXytwGH12bjQRA9lZo8M4uJs,莉莉水果店,22.98904959999999,120.204125,4.2,6391.0,1.0,"store,restaurant,food,point_of_interest,establishment","No. 199號, 府前路一段, 中西區",$,0,,
台南市,中西區,ChIJv4DxkWF2bjQRbgq0utUR2gc,李媽媽民族鍋燒老店,22.9972025,120.2042819,4.3,3795.0,1.0,"store,restaurant,food,point_of_interest,establishment",中西區忠義路二段197號,$,0,,
台南市,中西區,ChIJM6N9rGB2bjQRkY1hO7ff48A,台南榮美金鬱金香酒店,23.00180809999999,120.1994436,4.1,2361.0,,"gym,bar,cafe,lodging,health,restaurant,food,point_of_interest,establishment",北區海安路三段50號,未知,0,,
台南市,中西區,ChIJwe_HQGN2bjQRpvMjsprxuVg,Du Siao Yue Danzai Noodles,22.9971963,120.2019618,3.0,1037.0,,"restaurant,food,point_of_interest,establishment",中西區民族路二段216號,未知,0,,
台南市,中西區,ChIJVRIQYWN2bjQR-2QQ2eiqajk,哈利8號早餐,22.9929591,120.1995524,3.8,446.0,1.0,"restaurant,food,point_of_interest,establishment",中西區中正路138巷8號,$,0,,
台南市,中西區,ChIJh7sELXt2bjQR1P1sd_eWJKk,甜菓冰舖 O'smooth,22.9918909,120.1969342,4.6,491.0,,"store,restaurant,food,point_of_interest,establishment",中西區友愛街225號,未知,0,,
台南市,中西區,ChIJuSIMDFR2bjQRO5xlAsCglKA,六千泓佐土產牛肉,22.9892199,120.1948478,4.3,4619.0,2.0,"meal_takeaway,restaurant,food,point_of_interest,establishment",中西區海安路一段63號,$$,0,,
台南市,中西區,ChIJW92x5mB2bjQR3BPQpVb0qu0,劉家粽子 西門店,22.9995841,120.2010273,3.9,4550.0,1.0,"store,restaurant,food,point_of_interest,establishment",中西區西門路二段439號,$,0,,
台南市,中西區,ChIJezCwC8p3bjQRDdtipPr_yZQ,富盛號 (更多資訊在臉書粉專）,22.9975504,120.199,4.1,6613.0,1.0,"restaurant,food,point_of_interest,establishment","民族路3段11號, No. 184號, 国华街三段, 中西区",$,0,,
台南市,中西區,ChIJdXw5bXt2bjQRWZJlJWrudzc,阿堂鹹粥,22.9899117,120.1979533,3.8,8531.0,2.0,"store,restaurant,food,point_of_interest,establishment",中西區西門路一段728號,$$,0,,
台南市,中西區,ChIJoWlHiRF2bjQR5UtD9gZnRGA,松稜.擔露駐在所,22.9972399,120.2009154,4.5,245.0,,"store,restaurant,food,point_of_interest,establishment",中西區民族路二段405號,未知,0,,
台南市,中西區,ChIJ9X1wvmR2bjQRsqhUCAqPWhI,赤崁棺材板,22.9923802,120.1961384,3.7,4387.0,1.0,"restaurant,food,point_of_interest,establishment",中西區中正路康樂市場180號,$,0,,
台南市,中西區,ChIJG3mSXX12bjQR3fbtCNTeg3s,克林台包,22.9891263,120.2047623,4.2,3213.0,1.0,"bakery,store,restaurant,food,point_of_interest,establishment",中西區府前路一段218號,$,0,,
台南市,中西區,ChIJHfIw6292bjQR5J1oBOT6yuU,逐鹿炭火燒肉,22.9947713,120.1926169,4.3,6880.0,2.0,"restaurant,food,point_of_interest,establishment",中西區環河街92號,$$,0,,
台南市,中西區,ChIJTUDx43p2bjQR7Sms7Ecs97U,阿明豬心冬粉,22.9904542,120.1961378,4.2,6821.0,2.0,"restaurant,food,point_of_interest,establishment",中西區保安路72號,$$,0,,
台南市,中西區,ChIJV3zOOV52bjQRh1X84acxClA,夏慕尼新香榭鐵板燒台南公園南店,23.0027218,120.2017059,4.6,4790.0,3.0,"restaurant,food,point_of_interest,establishment",北區公園南路379號,$$$,0,,
台南市,中西區,ChIJOT9Han12bjQR5DlUWuRel5k,福記肉圓2店,22.9895611,120.2014923,3.8,2379.0,1.0,"store,restaurant,food,point_of_interest,establishment",中西區府前路一段299號,$,0,,
台南市,中西區,ChIJ-SCxKQ12bjQRERiL6oJdDjc,上原UEHARA日式料理,22.9926568,120.1819412,4.0,1520.0,3.0,"restaurant,food,point_of_interest,establishment",安平區怡平路39號,$$$,0,,
台南市,中西區,ChIJnftY6WR2bjQRyT2f7tkQeIY,江水號,22.9939518,120.1977394,4.5,1707.0,1.0,"restaurant,food,point_of_interest,establishment","B12, No. 26號, 国华街三段, 中西区",$,0,,
台南市,中西區,ChIJgwzvG3t2bjQRdIXn2mEiwuQ,阿娟咖哩飯鴨肉羹,22.9903067,120.1968425,4.2,1144.0,1.0,"restaurant,food,point_of_interest,establishment",中西區保安路36號,$,0,,
台南市,中西區,ChIJQVhy5GB2bjQRbCKCXlnzXX0,卡加米亞casamia cafe,22.99943,120.201275,4.5,500.0,2.0,"cafe,store,restaurant,food,point_of_interest,establishment",中西區西門路二段426號,$$,0,,
台南市,中西區,ChIJ-68WxWB2bjQR-jMQWe6Z5Pg,丹丹漢堡 成功店,23.0002036,120.2001967,4.4,14615.0,1.0,"restaurant,food,point_of_interest,establishment",北區成功路380號,$,0,,
台南市,中西區,ChIJH7VaJIh2bjQRiHVgp9iArns,芳苑冰棒,22.99196199999999,120.2054946,4.5,1017.0,1.0,"restaurant,food,point_of_interest,establishment",中西區開山路6號,$,0,,
台南市,中西區,ChIJVfASdWJ2bjQRvBZf3GL0HOE,再發號百年肉粽,22.9943034,120.2049991,4.1,2487.0,2.0,"restaurant,food,point_of_interest,establishment",中西區民權路二段71號,$$,0,,
台南市,中西區,ChIJFcYijGZ2bjQR2ZBm1s7KeBY,阿江鱔魚意麵,22.99836509999999,120.1969598,3.9,4887.0,1.0,"restaurant,food,point_of_interest,establishment",中西區民族路三段89號,$,0,,
台南市,中西區,ChIJGyl13nt2bjQRZzQDVKwq9ss,1010湘(台南三越西門店),22.986809,120.197803,4.5,1073.0,2.0,"restaurant,food,point_of_interest,establishment",中西區西門路一段658號6樓,$$,0,,
台南市,中西區,ChIJUTvL-Id2bjQRn6zCnvsOtS4,保哥黑輪,22.98999999999999,120.205,4.0,2008.0,1.0,"store,restaurant,food,point_of_interest,establishment",中西區府前路一段196巷25號,$,0,,
台南市,中西區,ChIJM-GE8np2bjQRsTnfVRNIlkY,集品蝦仁飯,22.9902222,120.1950917,3.7,6102.0,1.0,"store,restaurant,food,point_of_interest,establishment",中西區海安路一段107號,$,0,,
台南市,中西區,ChIJr52tQGF2bjQR6s6o9VFFRsE,阿輝炒鱔魚,22.9980369,120.2005435,3.3,2155.0,1.0,"restaurant,food,point_of_interest,establishment","No. 352號, 西門路二段, 中西區",$,0,,
台南市,中西區,ChIJ8dkM_XN2bjQRgqZiLGsuXKY,石頭燒肉永華尊貴館,22.9891179,120.1877033,4.5,4410.0,2.0,"bar,restaurant,food,point_of_interest,establishment",中西區永華路一段340號,$$,0,,
高雄市,苓雅區,ChIJA7wegIAEbjQRnlXRXTUuSW8,薄多義 Bite2Eat 高雄文橫店 - 幾歲送幾隻雞翅,22.61951389999999,120.3049085,4.2,2840.0,2.0,"meal_takeaway,store,restaurant,food,point_of_interest,establishment",苓雅區文橫二路105號,$$,0,,
高雄市,苓雅區,ChIJt76n2JMEbjQRs8CMSkNq36E,高雄商旅URBANHOTEL33,22.629622,120.312882,3.9,2315.0,,"lodging,restaurant,food,point_of_interest,establishment",新興區民族二路33號2 樓,未知,0,,
高雄市,苓雅區,ChIJn-aZvY4EbjQROGrJtAvcibw,Hotel dùa,22.6306778,120.30445,4.5,4447.0,,"bar,lodging,restaurant,food,point_of_interest,establishment",新興區林森一路165號,未知,0,,
高雄市,苓雅區,ChIJMVZMnJwEbjQRE9fOn9R6oqY,寒軒國際大飯店,22.61918,120.3108543,4.3,10210.0,,"bar,bakery,lodging,store,restaurant,food,point_of_interest,establishment",苓雅區四維三路33號,未知,0,,
高雄市,苓雅區,ChIJMT0nc4UEbjQRwhWwKe72y84,快樂魔法屋義大利麵,22.6243181,120.306539,4.3,1492.0,1.0,"restaurant,food,point_of_interest,establishment",新興區忠孝一路94巷23號,$,0,,
高雄市,苓雅區,ChIJn-aZvY4EbjQReAIpQ_a9Imc,悅品中餐廳-Hotel dùa 林森館,22.6305569,120.3043135,4.3,3672.0,3.0,"restaurant,food,point_of_interest,establishment",新興區林森一路165號3F,$$$,0,,
高雄市,苓雅區,ChIJh-Z5NIcEbjQRWlFKGoWEXIY,夏慕尼新香榭鐵板燒高雄五福店,22.6219878,120.2991991,4.5,5211.0,3.0,"restaurant,food,point_of_interest,establishment",前金區五福三路29號,$$$,0,,
高雄市,苓雅區,ChIJk0AzgZwEbjQRko_QpdKcMVE,咖啡敘事曲,22.6188199,120.311643,4.3,395.0,2.0,"cafe,store,restaurant,food,point_of_interest,establishment",苓雅區永定街85號,$$,0,,
高雄市,苓雅區,ChIJMS4pGoADbjQRGFI9DWEcHY8,和記肉骨茶專賣店,22.6189167,120.3100029,3.7,1962.0,1.0,"restaurant,food,point_of_interest,establishment",苓雅區四維三路69號,$,0,,
高雄市,苓雅區,ChIJz5Btgo0EbjQRka9stXhoQFM,燒堡燒肉屋,22.632995,120.3084881,3.9,1274.0,2.0,"restaurant,food,point_of_interest,establishment",新興區復興一路74號,$$,0,,
高雄市,苓雅區,ChIJ9Ym154AEbjQRIR7ZlUfk3eE,Oh my!原燒 高雄中山店,22.618434,120.303068,4.7,7539.0,2.0,"restaurant,food,point_of_interest,establishment",苓雅區中山二路410號,$$,0,,
高雄市,苓雅區,ChIJp_RC8ZcEbjQRWRTJ89PchwE,首爾韓國食堂,22.62334,120.319461,4.5,4168.0,2.0,"restaurant,food,point_of_interest,establishment",苓雅區林泉街27號,$$,0,,
高雄市,苓雅區,ChIJAVZu540EbjQRdFTKsXrtB78,鄧師傅功夫菜-中正總店 CHEF TENG,22.6312604,120.3075613,4.2,1729.0,2.0,"restaurant,food,point_of_interest,establishment",新興區中正三路82號,$$,0,,
高雄市,苓雅區,ChIJ9xW9Fo8EbjQR4_32JaQbC4o,小綠 Little Green 餐酒館,22.6277473,120.3048628,4.3,442.0,2.0,"restaurant,bar,food,point_of_interest,establishment",新興區民生一路318號,$$,0,,
高雄市,苓雅區,ChIJc714U5EEbjQRDUvBWCSWH6I,喜憨兒PASTA義式料理,22.628952,120.314544,4.6,641.0,1.0,"restaurant,food,point_of_interest,establishment",苓雅區尚禮街33號,$,0,,
高雄市,苓雅區,ChIJ0RjV2X0DbjQR4OPTn0H4pvA,瓦城泰國料理 - 高雄大遠百店,22.61309869999999,120.3039755,4.2,723.0,2.0,"restaurant,food,point_of_interest,establishment","12樓, No. 21號, 三多四路, 苓雅区",$$,0,,
高雄市,苓雅區,ChIJCbgHzn0DbjQRLCG7T_MITW8,義式屋古拉爵 高雄大遠百店,22.6131549,120.3040513,4.1,1384.0,2.0,"restaurant,food,point_of_interest,establishment",苓雅區三多四路21號,$$,0,,
高雄市,苓雅區,ChIJw9SQJYMEbjQRS7EX1skkpWA,劉易記牛肉刀削麵,22.6176536,120.3081544,3.7,1725.0,2.0,"restaurant,food,point_of_interest,establishment",苓雅區永康街71號,$$,0,,
高雄市,苓雅區,ChIJI6BX84YEbjQRSBQ-498hS7Q,花月嵐拉麵,22.62354719999999,120.3014068,3.5,52.0,,"restaurant,food,point_of_interest,establishment",新興區五福二路262號,未知,0,,
高雄市,苓雅區,ChIJO-SFqJAEbjQRNxPOSiSRL20,咖啡鳥Café | 苓雅區 健康溫蔬食餐&午餐餐盒,22.6242957,120.314021,4.4,391.0,2.0,"bakery,cafe,store,restaurant,food,point_of_interest,establishment",苓雅區青年一路24號,$$,0,,
高雄市,苓雅區,ChIJddFUY4EEbjQRjf2u-R87X6k,老四川巴蜀麻辣燙 高雄中山店,22.6188145,120.3029114,4.4,4340.0,2.0,"restaurant,point_of_interest,food,establishment",苓雅區中山二路416號,$$,0,,
高雄市,苓雅區,ChIJEyQF3I0EbjQRlAzmu1ChFLs,王品牛排 高雄中正店,22.6312667,120.3071933,4.8,11641.0,3.0,"restaurant,point_of_interest,food,establishment",新興區中正三路88號,$$$,0,,
高雄市,苓雅區,ChIJvcv1TZcEbjQRRyroBDD5Or4,Woopen木盆 文化門市｜挺妳的飲食自由｜新鮮沙拉 飲控健康餐新選擇,22.62461,120.3150866,4.3,1108.0,2.0,"bakery,store,restaurant,point_of_interest,food,establishment",苓雅區青年一路8-4號,$$,0,,
高雄市,苓雅區,ChIJdWM7f30DbjQRUOGsWX1ZItI,無老鍋(高雄苓雅店),22.6146676,120.3062266,4.3,1603.0,3.0,"restaurant,point_of_interest,food,establishment",苓雅區三多三路236號,$$$,0,,
高雄市,苓雅區,ChIJ2xDrbpEEbjQRW4vbtweWewI,MichinoDner米奇諾穿越食空美式餐廳 大同總店,22.6288023,120.3047442,4.0,1389.0,2.0,"bar,store,restaurant,point_of_interest,food,establishment",新興區大同一路79號,$$,0,,
高雄市,苓雅區,ChIJTU1fToEEbjQRYzT082Tv5xk,西堤牛排 高雄中山店,22.6203771,120.3023536,4.8,16024.0,2.0,"restaurant,point_of_interest,food,establishment","2F, No. 472號, 中山二路, 新兴区",$$,0,,
高雄市,苓雅區,ChIJoRjiw5kEbjQRKKGj3DwKrLI,維納斯義式餐廳,22.6225884,120.3164707,4.2,402.0,2.0,"restaurant,point_of_interest,food,establishment",苓雅區林泉街106號,$$,0,,
高雄市,苓雅區,ChIJlWo60ZkEbjQRLrr8LOkZbrI,哩啦歐亞融合料理/restaurant/高雄美食/高雄推薦晚餐/高雄義大利麵/家庭聚餐/高雄推薦牛排,22.6230349,120.3171331,4.6,403.0,2.0,"restaurant,point_of_interest,food,establishment",苓雅區林泉街80巷6號,$$,0,,
高雄市,苓雅區,ChIJqSH812IDbjQR1AqgFKwDUqc,中堂燒肉 一心店,22.6115706,120.3102375,4.2,280.0,3.0,"restaurant,point_of_interest,food,establishment",前鎮區一心二路92號,$$$,0,,
高雄市,苓雅區,ChIJZ_ApJJEEbjQRF3h0lF_vgFU,麗尊酒店,22.6270953,120.31371,4.2,5591.0,,"bakery,lodging,store,restaurant,point_of_interest,food,establishment",苓雅區五福一路105號,未知,0,,
高雄市,苓雅區,ChIJ23cDPI4EbjQRtl-8u86eiec,興隆居傳統早點美食,22.6291284,120.3079068,3.5,1165.0,1.0,"restaurant,point_of_interest,food,establishment",新興區復興一路25號,$,0,,
高雄市,苓雅區,ChIJoeyK0H0DbjQR8gQ8j6SoENY,元氣咖哩-高雄大遠百店,22.61306039999999,120.3041741,4.5,786.0,,"restaurant,point_of_interest,food,establishment",苓雅區三多四路21號11樓,未知,0,,
高雄市,苓雅區,ChIJd2fBYYIEbjQRZffk5BhH1qQ,天廚河粉-中山總店,22.6159446,120.3040568,4.1,1612.0,2.0,"restaurant,point_of_interest,food,establishment",苓雅區中山二路320號,$$,0,,
高雄市,苓雅區,ChIJw6JPg30DbjQRrBTXfkkovUQ,順億鮪魚專賣店 - 三多店,22.6144358,120.3054519,4.2,1108.0,2.0,"meal_takeaway,restaurant,point_of_interest,food,establishment",苓雅區三多三路260號,$$,0,,
高雄市,苓雅區,ChIJgXLopKIEbjQRry-hVc2NyMg,長堤101英式茶館&歐式廚房,22.621699,120.32112,4.3,505.0,2.0,"restaurant,point_of_interest,food,establishment",苓雅區和平一路101號,$$,0,,
高雄市,苓雅區,ChIJi7VptpAEbjQR37VXvl85j-Y,Lee & Daughters,22.6132167,120.3138284,4.1,1239.0,2.0,"restaurant,point_of_interest,food,establishment",前鎮區二聖二路133號,$$,0,,
高雄市,苓雅區,ChIJ5fadCH4EbjQR9qZGnKOGreA,田季發爺燒肉 高雄中山店,22.6248934,120.3014864,4.6,15190.0,2.0,"bar,store,restaurant,point_of_interest,food,establishment",新興區中山一路6-20號,$$,0,,
高雄市,苓雅區,ChIJYXKwDpwEbjQR57fwD0Y3uTk,瑞彼特,22.6123757,120.314439,4.0,260.0,2.0,"restaurant,point_of_interest,food,establishment",前鎮區民權二路446號,$$,0,,
高雄市,苓雅區,ChIJc6j7y18FbjQRy7UEP6Davb0,崔記小餐館（港式料理）,22.6130424,120.3160142,3.9,924.0,2.0,"restaurant,point_of_interest,food,establishment",前鎮區二聖二路67號,$$,0,,
高雄市,苓雅區,ChIJDX2nzn0DbjQRibVD6vTTqzg,大戶屋高雄大遠百店,22.6130137,120.3043672,4.2,892.0,2.0,"restaurant,point_of_interest,food,establishment",苓雅區三多四路21號11樓,$$,0,,
